{
    "loss": 0.48028671741485596,
    "accuracy": 0.9396551847457886
}